{
  "model_type": "logistic_regression",
  "features": [
    "rank_diff",
    "rank_ratio",
    "points_diff",
    "points_ratio",
    "age_diff",
    "height_diff",
    "h2h_ratio",
    "p1_win_rate_52w",
    "p2_win_rate_52w",
    "p1_surface_win_rate",
    "p2_surface_win_rate",
    "p1_ace_rate",
    "p2_ace_rate",
    "p1_bp_save_rate",
    "p2_bp_save_rate",
    "p1_first_serve_win_pct",
    "p2_first_serve_win_pct",
    "surface_clay",
    "surface_grass",
    "surface_hard",
    "surface_carpet",
    "best_of_5"
  ],
  "coefficients": [
    -0.2720162360721063,
    0.005876520462045362,
    -0.03381273460368089,
    -0.011446236773041234,
    0.022841488961250395,
    -0.03229886641116576,
    3.0140669895935677,
    -0.0672252106363372,
    0.0587875095500351,
    0.12756291056645924,
    -0.10918971465933772,
    0.009097921903907439,
    -0.03363262582937239,
    0.015619943035556128,
    0.0027179861914664993,
    0.048142337035376515,
    -0.023714274504216037,
    0.0017982076455826087,
    -0.010379027668482619,
    -0.00040277843651276963,
    0.01074468608239895,
    0.00014819672993086146
  ],
  "intercept": -0.005965535482296823,
  "scaler": {
    "mean": [
      -0.2691621102740572,
      0.43356538430780955,
      -11.1609089582234,
      0.4850945672916171,
      -0.009910294266243009,
      -0.06082924474283982,
      0.4989468446085343,
      0.502754657422634,
      0.5035492397262705,
      0.49170836110522265,
      0.49275664744221953,
      0.05678050978820519,
      0.05704867320059997,
      0.5371077900984313,
      0.5372757340356167,
      0.6280174009193655,
      0.6286134890839267,
      0.3084238062625605,
      0.10022566774074032,
      0.5753741481323469,
      0.015235379312667706,
      0.1464482592147661
    ],
    "scale": [
      166.44389285829138,
      0.2723519690616067,
      2191.4483097031093,
      0.2738674807985871,
      5.588189069739291,
      9.691518106779615,
      0.40092710307181817,
      0.17688330836584953,
      0.17667745844152075,
      0.20671622506001808,
      0.20684939374166567,
      0.042122360197646674,
      0.042286890179118845,
      0.17313222966156586,
      0.17305488210874248,
      0.1950266614582911,
      0.19490230453830484,
      0.4618425727377913,
      0.30030065478868423,
      0.4942860890145736,
      0.12248780563760464,
      0.3535550403939194
    ]
  },
  "metadata": {
    "trained_at": "2026-02-23T06:55:30Z",
    "training_samples": 89069,
    "test_samples": 22268,
    "accuracy": 0.8587,
    "auc": 0.9535,
    "log_loss": 0.2698,
    "top_features": [
      {
        "name": "h2h_ratio",
        "importance": 3.0141
      },
      {
        "name": "rank_diff",
        "importance": 0.272
      },
      {
        "name": "p1_surface_win_rate",
        "importance": 0.1276
      },
      {
        "name": "p2_surface_win_rate",
        "importance": 0.1092
      },
      {
        "name": "p1_win_rate_52w",
        "importance": 0.0672
      },
      {
        "name": "p2_win_rate_52w",
        "importance": 0.0588
      },
      {
        "name": "p1_first_serve_win_pct",
        "importance": 0.0481
      },
      {
        "name": "points_diff",
        "importance": 0.0338
      },
      {
        "name": "p2_ace_rate",
        "importance": 0.0336
      },
      {
        "name": "height_diff",
        "importance": 0.0323
      }
    ]
  }
}