{
  "model_type": "logistic_regression",
  "features": [
    "rank_diff",
    "rank_ratio",
    "points_diff",
    "points_ratio",
    "age_diff",
    "height_diff",
    "h2h_ratio",
    "p1_win_rate_52w",
    "p2_win_rate_52w",
    "p1_surface_win_rate",
    "p2_surface_win_rate",
    "p1_ace_rate",
    "p2_ace_rate",
    "p1_bp_save_rate",
    "p2_bp_save_rate",
    "p1_first_serve_win_pct",
    "p2_first_serve_win_pct",
    "elo_diff",
    "surface_elo_diff",
    "p1_spw",
    "p2_spw",
    "p1_rpw",
    "p2_rpw",
    "p1_second_serve_win_pct",
    "p2_second_serve_win_pct",
    "p1_hold_pct",
    "p2_hold_pct",
    "p1_break_pct",
    "p2_break_pct",
    "surface_clay",
    "surface_grass",
    "surface_hard",
    "surface_carpet",
    "best_of_5"
  ],
  "coefficients": [
    -0.2658026164622069,
    0.008000671979530131,
    -0.05744280353822657,
    -0.013892766949505121,
    0.0008288447108092035,
    -0.034304578550299475,
    3.005587931363255,
    -0.02657756710202668,
    0.028194125499505684,
    0.0747645609007127,
    -0.05753312813408348,
    -0.022061218932354423,
    -0.030819825202459024,
    -0.0020411144147040442,
    0.0004933026815264667,
    0.020758899230673873,
    -0.01360216071767485,
    -0.13175305041566018,
    0.19817809081589072,
    0.059977243400347456,
    -0.019930440839950634,
    -0.07048611250510119,
    0.028011194111081113,
    0.046425672337306906,
    -0.008426043921916333,
    0.06407158529710717,
    -0.05386409430770975,
    -0.011994393397483264,
    0.004955443249068109,
    -0.0006714846795219285,
    -0.009442252586837032,
    -0.0005103960735299267,
    0.010287823631078687,
    -0.004991639054640447
  ],
  "intercept": -0.004199449558343654,
  "scaler": {
    "mean": [
      -0.2691621102740572,
      0.43356538430780955,
      -11.1609089582234,
      0.4850945672916171,
      -0.009910294266243009,
      -0.06082924474283982,
      0.4989468446085343,
      0.502754657422634,
      0.5035492397262705,
      0.49170836110522265,
      0.49275664744221953,
      0.05678050978820519,
      0.05704867320059997,
      0.5371077900984313,
      0.5372757340356167,
      0.6280174009193655,
      0.6286134890839267,
      -0.2836378742626381,
      -0.2958540674842152,
      0.5586530307275025,
      0.5589580321411386,
      0.3596363073647026,
      0.3597500407794505,
      0.4495279811085257,
      0.449423110890608,
      0.493207658721846,
      0.49337631528012726,
      0.19369070195035645,
      0.19448487134167158,
      0.3084238062625605,
      0.10022566774074032,
      0.5753741481323469,
      0.015235379312667706,
      0.1464482592147661
    ],
    "scale": [
      166.44389285829138,
      0.2723519690616067,
      2191.4483097031093,
      0.2738674807985871,
      5.588189069739291,
      9.691518106779615,
      0.40092710307181817,
      0.17688330836584953,
      0.17667745844152075,
      0.20671622506001808,
      0.20684939374166567,
      0.042122360197646674,
      0.042286890179118845,
      0.17313222966156586,
      0.17305488210874248,
      0.1950266614582911,
      0.19490230453830484,
      189.88189156939984,
      183.01525307857008,
      0.17201910299234202,
      0.17184057085004684,
      0.11557729705176167,
      0.11540372375782394,
      0.14029051303834894,
      0.14014297243842586,
      0.37823293393619606,
      0.37844931609140325,
      0.6455401867766603,
      0.6395928262982602,
      0.4618425727377913,
      0.30030065478868423,
      0.4942860890145736,
      0.12248780563760464,
      0.3535550403939194
    ]
  },
  "metadata": {
    "trained_at": "2026-04-20T07:53:15Z",
    "training_samples": 89069,
    "test_samples": 22268,
    "accuracy": 0.8589,
    "auc": 0.9536,
    "log_loss": 0.2696,
    "top_features": [
      {
        "name": "h2h_ratio",
        "importance": 3.0056
      },
      {
        "name": "rank_diff",
        "importance": 0.2658
      },
      {
        "name": "surface_elo_diff",
        "importance": 0.1982
      },
      {
        "name": "elo_diff",
        "importance": 0.1318
      },
      {
        "name": "p1_surface_win_rate",
        "importance": 0.0748
      },
      {
        "name": "p1_rpw",
        "importance": 0.0705
      },
      {
        "name": "p1_hold_pct",
        "importance": 0.0641
      },
      {
        "name": "p1_spw",
        "importance": 0.06
      },
      {
        "name": "p2_surface_win_rate",
        "importance": 0.0575
      },
      {
        "name": "points_diff",
        "importance": 0.0574
      }
    ]
  }
}